AAA, LYS
AAU, ASP
AAG, LYS
AAC, ASP

AUA, ISO
AUU, ISO
AUG, MET
AUC, ISO

AGA, ARG
AGU, SER
AGG, ARG
AGC, SER

ACA, THR
ACU, THR
ACG, THR
ACC, THR

UAA, STOP
UAU, TYR
UAG, STOP
UAC, TYR

UUA, LEU
UUU, PHE
UUG, LEU
UUC, PHE

UGA, STOP
UGU, CYS
UGG, TRY
UGC, CYS

UCA, SER
UCU, SER
UCG, SER
UCC, SER

GAA, GLA
GAU, ASA
GAG, GLA
GAC, ASA

GUA, VAL
GUU, VAL
GUG, VAL
GUC, VAL

GGA, GLY
GGU, GLY
GGG, GLY
GGC, GLY

GCA, ALA
GCU, ALA
GCG, ALA
GCC, ALA

CAA, GLU
CAU, HIS
CAG, GLU
CAC, HIS

CUA, LEU
CUU, LEU
CUG, LEU
CUC, LEU

CGA, ARG
CGU, ARG
CGG, ARG
CGC, ARG

CCA, PRO
CCU, PRO
CCG, PRO
CCC, PRO