AAA,LYS
TAA,THR
CAA,THR
GAA,ARG
ATA,ASP
TTA,SER
CTA,TRY
GTA,ASP
ACA,TRY
TCA,PRO
CCA,ASP
GCA,VAL
AGA,ISO
TGA,TRY
CGA,STOP
GGA,GLU
AAT,ASA
TAT,STOP
CAT,CYS
GAT,LYS
ATT,PRO
TTT,GLY
CTT,THR
GTT,CYS
ACT,TRY
TCT,CYS
CCT,GLA
GCT,ALA
AGT,SER
TGT,STOP
CGT,TRY
GGT,STOP
AAC,PHE
TAC,PRO
CAC,ALA
GAC,ISO
ATC,ALA
TTC,LYS
CTC,VAL
GTC,ALA
ACC,ISO
TCC,THR
CCC,SER
GCC,ALA
AGC,CYS
TGC,PHE
CGC,STOP
GGC,PHE
AAG,STOP
TAG,THR
CAG,GLA
GAG,PHE
ATG,GLU
TTG,GLU
CTG,ASP
GTG,GLA
ACG,HIS
TCG,VAL
CCG,CYS
GCG,MET
AGG,ASP
TGG,LYS
CGG,HIS
GGG,GLA
